Type of Wine,Descriptor ,Descriptor Count, How Often Descriptor Appears ,,
California Chardonnay - All,oak ,3954, 41.16177 ,,
California Chardonnay - All,apple ,2568, 26.73329 ,,
California Chardonnay - All,vanilla ,2138, 22.25692 ,,
California Chardonnay - All,pear ,1979, 20.60171 ,,
California Chardonnay - All,pineapple ,1956, 20.36227 ,,
California Chardonnay - All,rich ,1938, 20.17489 ,,
California Chardonnay - All,ripe ,1918, 19.96669 ,,
California Chardonnay - All,lemon ,1873, 19.49823 ,,
California Chardonnay - All,peach ,1504, 15.65688 ,,
California Chardonnay - All,toast ,1499, 15.60483 ,,
California Chardonnay - All,crisp ,1496, 15.57360 ,,
California Chardonnay - All,tropical ,1494, 15.55278 ,,
California Chardonnay - All,buttered ,1360, 14.15782 ,,
California Chardonnay - All,dry ,1288, 13.40829 ,,
California Chardonnay - All,creamy ,1233, 12.83573 ,,
California Chardonnay - All,sweet ,1205, 12.54424 ,,
California Chardonnay - All,lime ,1126, 11.72184 ,,
California Chardonnay - All,green ,1061, 11.04518 ,,
California Chardonnay - All,good ,1014, 10.55590 ,,
California Chardonnay - All,citrus ,1004, 10.45180 ,,
California Chardonnay - All,oaky ,881, 9.17135 ,,
California Chardonnay - All,minerality ,783, 8.15116 ,,
California Chardonnay - All,orange ,754, 7.84926 ,,
California Chardonnay - All,clean ,753, 7.83885 ,,
California Chardonnay - All,bright ,748, 7.78680 ,,
California Chardonnay - All,balanced ,735, 7.65147 ,,
California Chardonnay - All,caramel ,708, 7.37039 ,,
California Chardonnay - All,smoky ,699, 7.27670 ,,
California Chardonnay - All,apples ,674, 7.01645 ,,
California Chardonnay - All,pineapples ,632, 6.57922 ,,
California Chardonnay - All,complex ,630, 6.55840 ,,
California Chardonnay - All,tart ,618, 6.43348 ,,
California Chardonnay - All,spice ,606, 6.30856 ,,
California Chardonnay - All,spicy ,603, 6.27733 ,,
California Chardonnay - All,honey ,595, 6.19405 ,,
California Chardonnay - All,richness ,588, 6.12117 ,,
California Chardonnay - All,new ,563, 5.86092 ,,
California Chardonnay - All,balance ,559, 5.81928 ,,
California Chardonnay - All,fresh ,552, 5.74641 ,,
California Chardonnay - All,apricot ,548, 5.70477 ,,
California Chardonnay - All,peaches ,541, 5.63190 ,,
California Chardonnay - All,light ,535, 5.56944 ,,
California Chardonnay - All,soft ,520, 5.41328 ,,
California Chardonnay - All,butter ,508, 5.28836 ,,
California Chardonnay - All,long ,504, 5.24672 ,,
California Chardonnay - All,cream ,498, 5.18426 ,,
California Chardonnay - All,pears ,494, 5.14262 ,,
California Chardonnay - All,butterscotch ,490, 5.10098 ,,
California Chardonnay - All,toasty ,452, 4.70539 ,,
California Chardonnay - All,elegant ,442, 4.60129 ,,
California Chardonnay - 80-84 Points,oak ,423, 34.39024 ,,
California Chardonnay - 80-84 Points,sweet ,353, 28.69919 ,,
California Chardonnay - 80-84 Points,pineapple ,334, 27.15447 ,,
California Chardonnay - 80-84 Points,simple ,268, 21.78862 ,,
California Chardonnay - 80-84 Points,vanilla ,248, 20.16260 ,,
California Chardonnay - 80-84 Points,peach ,212, 17.23577 ,,
California Chardonnay - 80-84 Points,dry ,193, 15.69106 ,,
California Chardonnay - 80-84 Points,oaky ,185, 15.04065 ,,
California Chardonnay - 80-84 Points,buttered ,181, 14.71545 ,,
California Chardonnay - 80-84 Points,apple ,157, 12.76423 ,,
California Chardonnay - 80-84 Points,toast ,152, 12.35772 ,,
California Chardonnay - 80-84 Points,ripe ,152, 12.35772 ,,
California Chardonnay - 80-84 Points,pear ,137, 11.13821 ,,
California Chardonnay - 80-84 Points,soft ,130, 10.56911 ,,
California Chardonnay - 80-84 Points,crisp ,120, 9.75610 ,,
California Chardonnay - 80-84 Points,peaches ,119, 9.67480 ,,
California Chardonnay - 80-84 Points,apricot ,118, 9.59350 ,,
California Chardonnay - 80-84 Points,creamy ,117, 9.51220 ,,
California Chardonnay - 80-84 Points,good ,113, 9.18699 ,,
California Chardonnay - 80-84 Points,tropical ,112, 9.10569 ,,
California Chardonnay - 80-84 Points,orange ,109, 8.86179 ,,
California Chardonnay - 80-84 Points,pineapples ,95, 7.72358 ,,
California Chardonnay - 80-84 Points,caramel ,93, 7.56098 ,,
California Chardonnay - 80-84 Points,jam ,92, 7.47967 ,,
California Chardonnay - 80-84 Points,clean ,90, 7.31707 ,,
California Chardonnay - 80-84 Points,thin ,84, 6.82927 ,,
California Chardonnay - 80-84 Points,green ,83, 6.74797 ,,
California Chardonnay - 80-84 Points,fruity ,78, 6.34146 ,,
California Chardonnay - 80-84 Points,sugary ,77, 6.26016 ,,
California Chardonnay - 80-84 Points,everyday ,75, 6.09756 ,,
California Chardonnay - 80-84 Points,heavy ,73, 5.93496 ,,
California Chardonnay - 80-84 Points,citrus ,72, 5.85366 ,,
California Chardonnay - 80-84 Points,tart ,70, 5.69106 ,,
California Chardonnay - 80-84 Points,pretty ,69, 5.60976 ,,
California Chardonnay - 80-84 Points,lemon ,67, 5.44715 ,,
California Chardonnay - 80-84 Points,popcorn ,65, 5.28455 ,,
California Chardonnay - 80-84 Points,butterscotch ,64, 5.20325 ,,
California Chardonnay - 80-84 Points,nice ,63, 5.12195 ,,
California Chardonnay - 80-84 Points,earthy ,61, 4.95935 ,,
California Chardonnay - 80-84 Points,smoky ,61, 4.95935 ,,
California Chardonnay - 80-84 Points,apples ,59, 4.79675 ,,
California Chardonnay - 80-84 Points,cream ,58, 4.71545 ,,
California Chardonnay - 80-84 Points,spicy ,54, 4.39024 ,,
California Chardonnay - 80-84 Points,pears ,53, 4.30894 ,,
California Chardonnay - 80-84 Points,balance ,53, 4.30894 ,,
California Chardonnay - 80-84 Points,lime ,52, 4.22764 ,,
California Chardonnay - 80-84 Points,modest ,51, 4.14634 ,,
California Chardonnay - 80-84 Points,rich ,49, 3.98374 ,,
California Chardonnay - 80-84 Points,watery ,45, 3.65854 ,,
California Chardonnay - 80-84 Points,strong ,44, 3.57724 ,,
California Chardonnay - 85-89 Points,oak ,1843, 42.63243 ,,
California Chardonnay - 85-89 Points,apple ,1181, 27.31899 ,,
California Chardonnay - 85-89 Points,vanilla ,1083, 25.05205 ,,
California Chardonnay - 85-89 Points,ripe ,995, 23.01642 ,,
California Chardonnay - 85-89 Points,pear ,906, 20.95767 ,,
California Chardonnay - 85-89 Points,pineapple ,903, 20.88827 ,,
California Chardonnay - 85-89 Points,rich ,890, 20.58755 ,,
California Chardonnay - 85-89 Points,toast ,752, 17.39533 ,,
California Chardonnay - 85-89 Points,tropical ,742, 17.16401 ,,
California Chardonnay - 85-89 Points,peach ,709, 16.40065 ,,
California Chardonnay - 85-89 Points,crisp ,704, 16.28499 ,,
California Chardonnay - 85-89 Points,buttered ,704, 16.28499 ,,
California Chardonnay - 85-89 Points,lemon ,680, 15.72982 ,,
California Chardonnay - 85-89 Points,dry ,620, 14.34189 ,,
California Chardonnay - 85-89 Points,good ,591, 13.67106 ,,
California Chardonnay - 85-89 Points,creamy ,567, 13.11589 ,,
California Chardonnay - 85-89 Points,sweet ,561, 12.97710 ,,
California Chardonnay - 85-89 Points,citrus ,507, 11.72797 ,,
California Chardonnay - 85-89 Points,green ,479, 11.08027 ,,
California Chardonnay - 85-89 Points,oaky ,476, 11.01087 ,,
California Chardonnay - 85-89 Points,lime ,449, 10.38631 ,,
California Chardonnay - 85-89 Points,clean ,413, 9.55355 ,,
California Chardonnay - 85-89 Points,apples ,337, 7.79551 ,,
California Chardonnay - 85-89 Points,smoky ,329, 7.61046 ,,
California Chardonnay - 85-89 Points,orange ,322, 7.44853 ,,
California Chardonnay - 85-89 Points,caramel ,321, 7.42540 ,,
California Chardonnay - 85-89 Points,pineapples ,314, 7.26347 ,,
California Chardonnay - 85-89 Points,bright ,297, 6.87023 ,,
California Chardonnay - 85-89 Points,nice ,284, 6.56951 ,,
California Chardonnay - 85-89 Points,tart ,280, 6.47698 ,,
California Chardonnay - 85-89 Points,spicy ,279, 6.45385 ,,
California Chardonnay - 85-89 Points,spice ,269, 6.22253 ,,
California Chardonnay - 85-89 Points,light ,258, 5.96808 ,,
California Chardonnay - 85-89 Points,soft ,256, 5.92181 ,,
California Chardonnay - 85-89 Points,peaches ,252, 5.82929 ,,
California Chardonnay - 85-89 Points,toasty ,242, 5.59796 ,,
California Chardonnay - 85-89 Points,balanced ,236, 5.45917 ,,
California Chardonnay - 85-89 Points,butterscotch ,232, 5.36664 ,,
California Chardonnay - 85-89 Points,fruity ,231, 5.34351 ,,
California Chardonnay - 85-89 Points,apricot ,230, 5.32038 ,,
California Chardonnay - 85-89 Points,honey ,229, 5.29725 ,,
California Chardonnay - 85-89 Points,minerality ,225, 5.20472 ,,
California Chardonnay - 85-89 Points,pears ,224, 5.18159 ,,
California Chardonnay - 85-89 Points,new ,214, 4.95027 ,,
California Chardonnay - 85-89 Points,cream ,214, 4.95027 ,,
California Chardonnay - 85-89 Points,richness ,212, 4.90400 ,,
California Chardonnay - 85-89 Points,pretty ,207, 4.78834 ,,
California Chardonnay - 85-89 Points,fresh ,201, 4.64955 ,,
California Chardonnay - 85-89 Points,buttery ,200, 4.62642 ,,
California Chardonnay - 85-89 Points,brisk ,198, 4.58015 ,,
California Chardonnay - 90-94 Points,oak ,1611, 41.97499 ,,
California Chardonnay - 90-94 Points,apple ,1174, 30.58885 ,,
California Chardonnay - 90-94 Points,lemon ,1048, 27.30589 ,,
California Chardonnay - 90-94 Points,rich ,945, 24.62220 ,,
California Chardonnay - 90-94 Points,pear ,882, 22.98072 ,,
California Chardonnay - 90-94 Points,vanilla ,775, 20.19281 ,,
California Chardonnay - 90-94 Points,ripe ,747, 19.46326 ,,
California Chardonnay - 90-94 Points,pineapple ,682, 17.76967 ,,
California Chardonnay - 90-94 Points,crisp ,643, 16.75352 ,,
California Chardonnay - 90-94 Points,tropical ,603, 15.71131 ,,
California Chardonnay - 90-94 Points,lime ,588, 15.32048 ,,
California Chardonnay - 90-94 Points,peach ,557, 14.51277 ,,
California Chardonnay - 90-94 Points,toast ,548, 14.27827 ,,
California Chardonnay - 90-94 Points,creamy ,537, 13.99166 ,,
California Chardonnay - 90-94 Points,minerality ,498, 12.97551 ,,
California Chardonnay - 90-94 Points,green ,480, 12.50651 ,,
California Chardonnay - 90-94 Points,dry ,446, 11.62064 ,,
California Chardonnay - 90-94 Points,balanced ,444, 11.56853 ,,
California Chardonnay - 90-94 Points,complex ,443, 11.54247 ,,
California Chardonnay - 90-94 Points,buttered ,437, 11.38614 ,,
California Chardonnay - 90-94 Points,citrus ,408, 10.63054 ,,
California Chardonnay - 90-94 Points,bright ,402, 10.47421 ,,
California Chardonnay - 90-94 Points,richness ,321, 8.36373 ,,
California Chardonnay - 90-94 Points,fresh ,313, 8.15529 ,,
California Chardonnay - 90-94 Points,orange ,305, 7.94685 ,,
California Chardonnay - 90-94 Points,good ,300, 7.81657 ,,
California Chardonnay - 90-94 Points,balance ,298, 7.76446 ,,
California Chardonnay - 90-94 Points,honey ,291, 7.58207 ,,
California Chardonnay - 90-94 Points,long ,289, 7.52996 ,,
California Chardonnay - 90-94 Points,new ,288, 7.50391 ,,
California Chardonnay - 90-94 Points,smoky ,287, 7.47785 ,,
California Chardonnay - 90-94 Points,spice ,283, 7.37363 ,,
California Chardonnay - 90-94 Points,caramel ,279, 7.26941 ,,
California Chardonnay - 90-94 Points,butter ,278, 7.24336 ,,
California Chardonnay - 90-94 Points,meyer ,276, 7.19125 ,,
California Chardonnay - 90-94 Points,elegant ,275, 7.16519 ,,
California Chardonnay - 90-94 Points,apples ,273, 7.11308 ,,
California Chardonnay - 90-94 Points,sweet ,271, 7.06097 ,,
California Chardonnay - 90-94 Points,spicy ,255, 6.64409 ,,
California Chardonnay - 90-94 Points,tart ,249, 6.48775 ,,
California Chardonnay - 90-94 Points,great ,244, 6.35748 ,,
California Chardonnay - 90-94 Points,light ,240, 6.25326 ,,
California Chardonnay - 90-94 Points,clean ,234, 6.09693 ,,
California Chardonnay - 90-94 Points,delicious ,231, 6.01876 ,,
California Chardonnay - 90-94 Points,mango ,216, 5.62793 ,,
California Chardonnay - 90-94 Points,oaky ,213, 5.54977 ,,
California Chardonnay - 90-94 Points,cream ,210, 5.47160 ,,
California Chardonnay - 90-94 Points,brûlée ,208, 5.41949 ,,
California Chardonnay - 90-94 Points,lush ,206, 5.36738 ,,
California Chardonnay - 90-94 Points,pineapples ,206, 5.36738 ,,
California Chardonnay - 95-100 Points,lemon ,78, 36.27907 ,,
California Chardonnay - 95-100 Points,oak ,77, 35.81395 ,,
California Chardonnay - 95-100 Points,apple ,56, 26.04651 ,,
California Chardonnay - 95-100 Points,pear ,54, 25.11628 ,,
California Chardonnay - 95-100 Points,rich ,54, 25.11628 ,,
California Chardonnay - 95-100 Points,toast ,47, 21.86047 ,,
California Chardonnay - 95-100 Points,minerality ,43, 20.00000 ,,
California Chardonnay - 95-100 Points,complex ,42, 19.53488 ,,
California Chardonnay - 95-100 Points,buttered ,38, 17.67442 ,,
California Chardonnay - 95-100 Points,balanced ,37, 17.20930 ,,
California Chardonnay - 95-100 Points,lime ,37, 17.20930 ,,
California Chardonnay - 95-100 Points,pineapple ,37, 17.20930 ,,
California Chardonnay - 95-100 Points,tropical ,37, 17.20930 ,,
California Chardonnay - 95-100 Points,honey ,35, 16.27907 ,,
California Chardonnay - 95-100 Points,vanilla ,32, 14.88372 ,,
California Chardonnay - 95-100 Points,richness ,29, 13.48837 ,,
California Chardonnay - 95-100 Points,crisp ,29, 13.48837 ,,
California Chardonnay - 95-100 Points,dry ,29, 13.48837 ,,
California Chardonnay - 95-100 Points,crème ,27, 12.55814 ,,
California Chardonnay - 95-100 Points,bright ,26, 12.09302 ,,
California Chardonnay - 95-100 Points,peach ,26, 12.09302 ,,
California Chardonnay - 95-100 Points,brûlée ,25, 11.62791 ,,
California Chardonnay - 95-100 Points,ripe ,24, 11.16279 ,,
California Chardonnay - 95-100 Points,fresh ,23, 10.69767 ,,
California Chardonnay - 95-100 Points,great ,23, 10.69767 ,,
California Chardonnay - 95-100 Points,new ,23, 10.69767 ,,
California Chardonnay - 95-100 Points,pie ,23, 10.69767 ,,
California Chardonnay - 95-100 Points,meyer ,22, 10.23256 ,,
California Chardonnay - 95-100 Points,smoky ,22, 10.23256 ,,
California Chardonnay - 95-100 Points,balance ,21, 9.76744 ,,
California Chardonnay - 95-100 Points,cinnamon ,20, 9.30233 ,,
California Chardonnay - 95-100 Points,sea ,20, 9.30233 ,,
California Chardonnay - 95-100 Points,exotic ,20, 9.30233 ,,
California Chardonnay - 95-100 Points,sweet ,20, 9.30233 ,,
California Chardonnay - 95-100 Points,tart ,19, 8.83721 ,,
California Chardonnay - 95-100 Points,green ,19, 8.83721 ,,
California Chardonnay - 95-100 Points,chardonnays ,19, 8.83721 ,,
California Chardonnay - 95-100 Points,spice ,19, 8.83721 ,,
California Chardonnay - 95-100 Points,salt ,18, 8.37209 ,,
California Chardonnay - 95-100 Points,salty ,18, 8.37209 ,,
California Chardonnay - 95-100 Points,orange ,18, 8.37209 ,,
California Chardonnay - 95-100 Points,golden ,18, 8.37209 ,,
California Chardonnay - 95-100 Points,stone ,17, 7.90698 ,,
California Chardonnay - 95-100 Points,citrus ,17, 7.90698 ,,
California Chardonnay - 95-100 Points,minerals ,17, 7.90698 ,,
California Chardonnay - 95-100 Points,pineapples ,17, 7.90698 ,,
California Chardonnay - 95-100 Points,butterscotch ,17, 7.90698 ,,
California Chardonnay - 95-100 Points,layers ,16, 7.44186 ,,
California Chardonnay - 95-100 Points,clean ,16, 7.44186 ,,
California Chardonnay - 95-100 Points,nutmeg ,16, 7.44186 ,,
Califonia Cabernet - All,oak ,5271, 32.57122 ,,
Califonia Cabernet - All,black ,5205, 32.16338 ,,
Califonia Cabernet - All,cherry ,4815, 29.75344 ,,
Califonia Cabernet - All,blackberry ,4473, 27.64012 ,,
Califonia Cabernet - All,dry ,3858, 23.83983 ,,
Califonia Cabernet - All,rich ,3355, 20.73163 ,,
Califonia Cabernet - All,soft ,3269, 20.20021 ,,
Califonia Cabernet - All,ripe ,3170, 19.58846 ,,
Califonia Cabernet - All,currant ,2642, 16.32577 ,,
Califonia Cabernet - All,chocolate ,2628, 16.23926 ,,
Califonia Cabernet - All,sweet ,2321, 14.34221 ,,
Califonia Cabernet - All,good ,2250, 13.90348 ,,
Califonia Cabernet - All,cassis ,2224, 13.74282 ,,
Califonia Cabernet - All,tannic ,2054, 12.69233 ,,
Califonia Cabernet - All,blackberries ,2028, 12.53167 ,,
Califonia Cabernet - All,cedar ,1839, 11.36378 ,,
Califonia Cabernet - All,cherries ,1807, 11.16604 ,,
Califonia Cabernet - All,dark ,1690, 10.44306 ,,
Califonia Cabernet - All,currants ,1565, 9.67064 ,,
Califonia Cabernet - All,smoky ,1416, 8.74992 ,,
Califonia Cabernet - All,structure ,1375, 8.49657 ,,
Califonia Cabernet - All,plum ,1351, 8.34827 ,,
Califonia Cabernet - All,complex ,1261, 7.79213 ,,
Califonia Cabernet - All,firm ,1238, 7.65000 ,,
Califonia Cabernet - All,smooth ,1164, 7.19273 ,,
Califonia Cabernet - All,herb ,1104, 6.82197 ,,
Califonia Cabernet - All,tobacco ,1085, 6.70457 ,,
Califonia Cabernet - All,new ,1029, 6.35852 ,,
Califonia Cabernet - All,vanilla ,1013, 6.25966 ,,
Califonia Cabernet - All,dried ,1005, 6.21022 ,,
Califonia Cabernet - All,full-bodied ,983, 6.07428 ,,
Califonia Cabernet - All,spice ,962, 5.94451 ,,
Califonia Cabernet - All,balanced ,954, 5.89508 ,,
Califonia Cabernet - All,pepper ,952, 5.88272 ,,
Califonia Cabernet - All,cellar ,899, 5.55521 ,,
Califonia Cabernet - All,long ,851, 5.25860 ,,
Califonia Cabernet - All,spicy ,850, 5.25243 ,,
Califonia Cabernet - All,tannin ,842, 5.20299 ,,
Califonia Cabernet - All,elegant ,840, 5.19063 ,,
Califonia Cabernet - All,delicious ,834, 5.15356 ,,
Califonia Cabernet - All,mocha ,832, 5.14120 ,,
Califonia Cabernet - All,balance ,805, 4.97436 ,,
Califonia Cabernet - All,juicy ,800, 4.94346 ,,
Califonia Cabernet - All,big ,790, 4.88167 ,,
Califonia Cabernet - All,young ,785, 4.85077 ,,
Califonia Cabernet - All,licorice ,773, 4.77662 ,,
Califonia Cabernet - All,nice ,767, 4.73954 ,,
Califonia Cabernet - All,herbs ,738, 4.56034 ,,
Califonia Cabernet - All,concentrated ,727, 4.49237 ,,
Califonia Cabernet - All,fruity ,721, 4.45529 ,,
California Cabernet - 80-84 Points,dry ,643, 29.92089 ,,
California Cabernet - 80-84 Points,cherry ,583, 27.12890 ,,
California Cabernet - 80-84 Points,blackberry ,490, 22.80130 ,,
California Cabernet - 80-84 Points,soft ,443, 20.61424 ,,
California Cabernet - 80-84 Points,sweet ,417, 19.40437 ,,
California Cabernet - 80-84 Points,oak ,394, 18.33411 ,,
California Cabernet - 80-84 Points,simple ,304, 14.14611 ,,
California Cabernet - 80-84 Points,ripe ,264, 12.28478 ,,
California Cabernet - 80-84 Points,tannic ,254, 11.81945 ,,
California Cabernet - 80-84 Points,cherries ,244, 11.35412 ,,
California Cabernet - 80-84 Points,good ,226, 10.51652 ,,
California Cabernet - 80-84 Points,green ,213, 9.91159 ,,
California Cabernet - 80-84 Points,blackberries ,193, 8.98092 ,,
California Cabernet - 80-84 Points,black ,176, 8.18986 ,,
California Cabernet - 80-84 Points,rustic ,176, 8.18986 ,,
California Cabernet - 80-84 Points,sharp ,163, 7.58492 ,,
California Cabernet - 80-84 Points,chocolate ,160, 7.44532 ,,
California Cabernet - 80-84 Points,currant ,149, 6.93346 ,,
California Cabernet - 80-84 Points,thin ,145, 6.74732 ,,
California Cabernet - 80-84 Points,berry ,141, 6.56119 ,,
California Cabernet - 80-84 Points,hot ,136, 6.32852 ,,
California Cabernet - 80-84 Points,pretty ,125, 5.81666 ,,
California Cabernet - 80-84 Points,harsh ,119, 5.53746 ,,
California Cabernet - 80-84 Points,everyday ,119, 5.53746 ,,
California Cabernet - 80-84 Points,rich ,118, 5.49093 ,,
California Cabernet - 80-84 Points,fruity ,106, 4.93253 ,,
California Cabernet - 80-84 Points,jammy ,106, 4.93253 ,,
California Cabernet - 80-84 Points,overripe ,99, 4.60679 ,,
California Cabernet - 80-84 Points,earthy ,99, 4.60679 ,,
California Cabernet - 80-84 Points,acids ,97, 4.51373 ,,
California Cabernet - 80-84 Points,astringent ,96, 4.46719 ,,
California Cabernet - 80-84 Points,herbal ,93, 4.32759 ,,
California Cabernet - 80-84 Points,vegetal ,92, 4.28106 ,,
California Cabernet - 80-84 Points,rough ,85, 3.95533 ,,
California Cabernet - 80-84 Points,currants ,84, 3.90879 ,,
California Cabernet - 80-84 Points,jam ,82, 3.81573 ,,
California Cabernet - 80-84 Points,structure ,81, 3.76919 ,,
California Cabernet - 80-84 Points,smoky ,81, 3.76919 ,,
California Cabernet - 80-84 Points,herb ,80, 3.72266 ,,
California Cabernet - 80-84 Points,modest ,79, 3.67613 ,,
California Cabernet - 80-84 Points,raisiny ,78, 3.62960 ,,
California Cabernet - 80-84 Points,sugary ,77, 3.58306 ,,
California Cabernet - 80-84 Points,raspberry ,77, 3.58306 ,,
California Cabernet - 80-84 Points,nice ,75, 3.49000 ,,
California Cabernet - 80-84 Points,cassis ,75, 3.49000 ,,
California Cabernet - 80-84 Points,raisins ,74, 3.44346 ,,
California Cabernet - 80-84 Points,bitter ,72, 3.35040 ,,
California Cabernet - 80-84 Points,coffee ,69, 3.21080 ,,
California Cabernet - 80-84 Points,minty ,67, 3.11773 ,,
California Cabernet - 80-84 Points,decent ,67, 3.11773 ,,
California Cabernet - 85-89 Points,oak ,2174, 32.07436 ,,
California Cabernet - 85-89 Points,cherry ,2122, 31.30717 ,,
California Cabernet - 85-89 Points,blackberry ,1959, 28.90233 ,,
California Cabernet - 85-89 Points,black ,1892, 27.91384 ,,
California Cabernet - 85-89 Points,dry ,1856, 27.38271 ,,
California Cabernet - 85-89 Points,soft ,1482, 21.86486 ,,
California Cabernet - 85-89 Points,ripe ,1369, 20.19770 ,,
California Cabernet - 85-89 Points,rich ,1299, 19.16495 ,,
California Cabernet - 85-89 Points,good ,1191, 17.57156 ,,
California Cabernet - 85-89 Points,currant ,1044, 15.40277 ,,
California Cabernet - 85-89 Points,sweet ,925, 13.64709 ,,
California Cabernet - 85-89 Points,chocolate ,908, 13.39628 ,,
California Cabernet - 85-89 Points,tannic ,880, 12.98318 ,,
California Cabernet - 85-89 Points,cherries ,852, 12.57008 ,,
California Cabernet - 85-89 Points,blackberries ,829, 12.23075 ,,
California Cabernet - 85-89 Points,cedar ,689, 10.16524 ,,
California Cabernet - 85-89 Points,cassis ,659, 9.72263 ,,
California Cabernet - 85-89 Points,smoky ,633, 9.33904 ,,
California Cabernet - 85-89 Points,currants ,594, 8.76365 ,,
California Cabernet - 85-89 Points,plum ,587, 8.66037 ,,
California Cabernet - 85-89 Points,dark ,584, 8.61611 ,,
California Cabernet - 85-89 Points,smooth ,527, 7.77515 ,,
California Cabernet - 85-89 Points,nice ,508, 7.49484 ,,
California Cabernet - 85-89 Points,herb ,482, 7.11124 ,,
California Cabernet - 85-89 Points,tobacco ,476, 7.02272 ,,
California Cabernet - 85-89 Points,structure ,458, 6.75716 ,,
California Cabernet - 85-89 Points,dried ,433, 6.38832 ,,
California Cabernet - 85-89 Points,spice ,432, 6.37356 ,,
California Cabernet - 85-89 Points,vanilla ,427, 6.29979 ,,
California Cabernet - 85-89 Points,full-bodied ,418, 6.16701 ,,
California Cabernet - 85-89 Points,firm ,413, 6.09324 ,,
California Cabernet - 85-89 Points,fruity ,406, 5.98997 ,,
California Cabernet - 85-89 Points,pepper ,383, 5.65063 ,,
California Cabernet - 85-89 Points,spicy ,360, 5.31130 ,,
California Cabernet - 85-89 Points,herbs ,351, 5.17852 ,,
California Cabernet - 85-89 Points,juicy ,349, 5.14901 ,,
California Cabernet - 85-89 Points,pretty ,344, 5.07524 ,,
California Cabernet - 85-89 Points,easy ,339, 5.00148 ,,
California Cabernet - 85-89 Points,mocha ,337, 4.97197 ,,
California Cabernet - 85-89 Points,balanced ,334, 4.92771 ,,
California Cabernet - 85-89 Points,jam ,333, 4.91295 ,,
California Cabernet - 85-89 Points,complex ,319, 4.70640 ,,
California Cabernet - 85-89 Points,berry ,311, 4.58837 ,,
California Cabernet - 85-89 Points,herbal ,309, 4.55887 ,,
California Cabernet - 85-89 Points,licorice ,302, 4.45559 ,,
California Cabernet - 85-89 Points,big ,289, 4.26379 ,,
California Cabernet - 85-89 Points,jammy ,282, 4.16052 ,,
California Cabernet - 85-89 Points,tannin ,280, 4.13101 ,,
California Cabernet - 85-89 Points,complexity ,269, 3.96872 ,,
California Cabernet - 85-89 Points,elegant ,269, 3.96872 ,,
California Cabernet - 90-94 Points,black ,2824, 42.44702 ,,
California Cabernet - 90-94 Points,oak ,2435, 36.60003 ,,
California Cabernet - 90-94 Points,cherry ,1965, 29.53555 ,,
California Cabernet - 90-94 Points,blackberry ,1853, 27.85210 ,,
California Cabernet - 90-94 Points,rich ,1777, 26.70975 ,,
California Cabernet - 90-94 Points,ripe ,1420, 21.34375 ,,
California Cabernet - 90-94 Points,chocolate ,1365, 20.51706 ,,
California Cabernet - 90-94 Points,currant ,1329, 19.97595 ,,
California Cabernet - 90-94 Points,cassis ,1315, 19.76552 ,,
California Cabernet - 90-94 Points,dry ,1255, 18.86367 ,,
California Cabernet - 90-94 Points,soft ,1237, 18.59312 ,,
California Cabernet - 90-94 Points,cedar ,978, 14.70014 ,,
California Cabernet - 90-94 Points,dark ,953, 14.32436 ,,
California Cabernet - 90-94 Points,blackberries ,876, 13.16699 ,,
California Cabernet - 90-94 Points,sweet ,868, 13.04675 ,,
California Cabernet - 90-94 Points,tannic ,840, 12.62588 ,,
California Cabernet - 90-94 Points,complex ,815, 12.25011 ,,
California Cabernet - 90-94 Points,good ,773, 11.61882 ,,
California Cabernet - 90-94 Points,currants ,768, 11.54366 ,,
California Cabernet - 90-94 Points,structure ,727, 10.92740 ,,
California Cabernet - 90-94 Points,firm ,702, 10.55163 ,,
California Cabernet - 90-94 Points,plum ,646, 9.70991 ,,
California Cabernet - 90-94 Points,cherries ,639, 9.60469 ,,
California Cabernet - 90-94 Points,smoky ,618, 9.28904 ,,
California Cabernet - 90-94 Points,new ,611, 9.18383 ,,
California Cabernet - 90-94 Points,cellar ,608, 9.13873 ,,
California Cabernet - 90-94 Points,balanced ,534, 8.02645 ,,
California Cabernet - 90-94 Points,long ,532, 7.99639 ,,
California Cabernet - 90-94 Points,delicious ,526, 7.90621 ,,
California Cabernet - 90-94 Points,smooth ,523, 7.86112 ,,
California Cabernet - 90-94 Points,elegant ,521, 7.83105 ,,
California Cabernet - 90-94 Points,herb ,508, 7.63565 ,,
California Cabernet - 90-94 Points,tobacco ,508, 7.63565 ,,
California Cabernet - 90-94 Points,dried ,498, 7.48534 ,,
California Cabernet - 90-94 Points,tannin ,491, 7.38013 ,,
California Cabernet - 90-94 Points,vanilla ,485, 7.28994 ,,
California Cabernet - 90-94 Points,full-bodied ,481, 7.22982 ,,
California Cabernet - 90-94 Points,balance ,477, 7.16970 ,,
California Cabernet - 90-94 Points,young ,477, 7.16970 ,,
California Cabernet - 90-94 Points,mountain ,470, 7.06448 ,,
California Cabernet - 90-94 Points,pepper ,462, 6.94424 ,,
California Cabernet - 90-94 Points,concentrated ,451, 6.77890 ,,
California Cabernet - 90-94 Points,lush ,443, 6.65865 ,,
California Cabernet - 90-94 Points,big ,442, 6.64362 ,,
California Cabernet - 90-94 Points,clove ,431, 6.47828 ,,
California Cabernet - 90-94 Points,spice ,430, 6.46325 ,,
California Cabernet - 90-94 Points,classic ,424, 6.37306 ,,
California Cabernet - 90-94 Points,great ,415, 6.23779 ,,
California Cabernet - 90-94 Points,mocha ,411, 6.17766 ,,
California Cabernet - 90-94 Points,spicy ,409, 6.14760 ,,
California Cabernet - 95-100 Points,black ,313, 51.90713 ,,
California Cabernet - 95-100 Points,oak ,268, 44.44444 ,,
California Cabernet - 95-100 Points,chocolate ,195, 32.33831 ,,
California Cabernet - 95-100 Points,cassis ,175, 29.02156 ,,
California Cabernet - 95-100 Points,blackberry ,171, 28.35821 ,,
California Cabernet - 95-100 Points,rich ,161, 26.69983 ,,
California Cabernet - 95-100 Points,cherry ,145, 24.04643 ,,
California Cabernet - 95-100 Points,blackberries ,130, 21.55887 ,,
California Cabernet - 95-100 Points,currant ,120, 19.90050 ,,
California Cabernet - 95-100 Points,currants ,119, 19.73466 ,,
California Cabernet - 95-100 Points,complex ,118, 19.56882 ,,
California Cabernet - 95-100 Points,ripe ,117, 19.40299 ,,
California Cabernet - 95-100 Points,dark ,115, 19.07131 ,,
California Cabernet - 95-100 Points,sweet ,111, 18.40796 ,,
California Cabernet - 95-100 Points,cedar ,110, 18.24212 ,,
California Cabernet - 95-100 Points,structure ,109, 18.07629 ,,
California Cabernet - 95-100 Points,new ,109, 18.07629 ,,
California Cabernet - 95-100 Points,soft ,107, 17.74461 ,,
California Cabernet - 95-100 Points,dry ,104, 17.24710 ,,
California Cabernet - 95-100 Points,cellar ,90, 14.92537 ,,
California Cabernet - 95-100 Points,smoky ,84, 13.93035 ,,
California Cabernet - 95-100 Points,firm ,82, 13.59867 ,,
California Cabernet - 95-100 Points,great ,81, 13.43284 ,,
California Cabernet - 95-100 Points,tannic ,80, 13.26700 ,,
California Cabernet - 95-100 Points,power ,79, 13.10116 ,,
California Cabernet - 95-100 Points,delicious ,73, 12.10614 ,,
California Cabernet - 95-100 Points,cherries ,72, 11.94030 ,,
California Cabernet - 95-100 Points,beautiful ,67, 11.11111 ,,
California Cabernet - 95-100 Points,long ,67, 11.11111 ,,
California Cabernet - 95-100 Points,mountain ,65, 10.77944 ,,
California Cabernet - 95-100 Points,classic ,63, 10.44776 ,,
California Cabernet - 95-100 Points,balanced ,61, 10.11609 ,,
California Cabernet - 95-100 Points,concentrated ,60, 9.95025 ,,
California Cabernet - 95-100 Points,good ,60, 9.95025 ,,
California Cabernet - 95-100 Points,plum ,59, 9.78441 ,,
California Cabernet - 95-100 Points,balance ,56, 9.28690 ,,
California Cabernet - 95-100 Points,smooth ,54, 8.95522 ,,
California Cabernet - 95-100 Points,spice ,53, 8.78939 ,,
California Cabernet - 95-100 Points,pepper ,51, 8.45771 ,,
California Cabernet - 95-100 Points,refined ,49, 8.12604 ,,
California Cabernet - 95-100 Points,decade ,48, 7.96020 ,,
California Cabernet - 95-100 Points,licorice ,48, 7.96020 ,,
California Cabernet - 95-100 Points,tannin ,47, 7.79436 ,,
California Cabernet - 95-100 Points,complexity ,47, 7.79436 ,,
California Cabernet - 95-100 Points,elegant ,45, 7.46269 ,,
California Cabernet - 95-100 Points,spicy ,43, 7.13101 ,,
California Cabernet - 95-100 Points,lush ,43, 7.13101 ,,
California Cabernet - 95-100 Points,richness ,42, 6.96517 ,,
California Cabernet - 95-100 Points,gorgeous ,42, 6.96517 ,,
California Cabernet - 95-100 Points,powerful ,42, 6.96517 ,,
French Chardonnay - All,ripe ,1522, 43.78596 ,,
French Chardonnay - All,rich ,973, 27.99194 ,,
French Chardonnay - All,crisp ,886, 25.48907 ,,
French Chardonnay - All,citrus ,694, 19.96548 ,,
French Chardonnay - All,apple ,683, 19.64902 ,,
French Chardonnay - All,mineral ,598, 17.20368 ,,
French Chardonnay - All,full ,594, 17.08861 ,,
French Chardonnay - All,soft ,575, 16.54200 ,,
French Chardonnay - All,fresh ,564, 16.22555 ,,
French Chardonnay - All,spice ,495, 14.24051 ,,
French Chardonnay - All,toast ,479, 13.78021 ,,
French Chardonnay - All,ready ,470, 13.52129 ,,
French Chardonnay - All,fruity ,462, 13.29114 ,,
French Chardonnay - All,green ,426, 12.25547 ,,
French Chardonnay - All,tight ,423, 12.16916 ,,
French Chardonnay - All,pear ,415, 11.93901 ,,
French Chardonnay - All,light ,409, 11.76640 ,,
French Chardonnay - All,minerality ,393, 11.30610 ,,
French Chardonnay - All,attractive ,369, 10.61565 ,,
French Chardonnay - All,structure ,361, 10.38550 ,,
French Chardonnay - All,richness ,346, 9.95397 ,,
French Chardonnay - All,bright ,328, 9.43613 ,,
French Chardonnay - All,rounded ,320, 9.20598 ,,
French Chardonnay - All,great ,310, 8.91830 ,,
French Chardonnay - All,creamy ,308, 8.86076 ,,
French Chardonnay - All,balanced ,299, 8.60184 ,,
French Chardonnay - All,peach ,285, 8.19908 ,,
French Chardonnay - All,generous ,285, 8.19908 ,,
French Chardonnay - All,good ,283, 8.14154 ,,
French Chardonnay - All,delicious ,283, 8.14154 ,,
French Chardonnay - All,textured ,266, 7.65247 ,,
French Chardonnay - All,lemon ,265, 7.62371 ,,
French Chardonnay - All,smooth ,257, 7.39356 ,,
French Chardonnay - All,apricot ,236, 6.78941 ,,
French Chardonnay - All,young ,230, 6.61680 ,,
French Chardonnay - All,steely ,226, 6.50173 ,,
French Chardonnay - All,intense ,220, 6.32911 ,,
French Chardonnay - All,warm ,219, 6.30035 ,,
French Chardonnay - All,structured ,217, 6.24281 ,,
French Chardonnay - All,vanilla ,201, 5.78251 ,,
French Chardonnay - All,freshness ,199, 5.72497 ,,
French Chardonnay - All,fruitiness ,198, 5.69620 ,,
French Chardonnay - All,tangy ,197, 5.66743 ,,
French Chardonnay - All,toasty ,189, 5.43728 ,,
French Chardonnay - All,weight ,186, 5.35098 ,,
French Chardonnay - All,lively ,184, 5.29344 ,,
French Chardonnay - All,balance ,182, 5.23590 ,,
French Chardonnay - All,concentrated ,167, 4.80437 ,,
French Chardonnay - All,apples ,163, 4.68930 ,,
French Chardonnay - All,round ,154, 4.43038 ,,
French Chardonnay - 80-84 Points,soft ,103, 38.28996 ,,
French Chardonnay - 80-84 Points,light ,78, 28.99628 ,,
French Chardonnay - 80-84 Points,apple ,69, 25.65056 ,,
French Chardonnay - 80-84 Points,citrus ,48, 17.84387 ,,
French Chardonnay - 80-84 Points,fruity ,44, 16.35688 ,,
French Chardonnay - 80-84 Points,green ,42, 15.61338 ,,
French Chardonnay - 80-84 Points,fresh ,41, 15.24164 ,,
French Chardonnay - 80-84 Points,ripe ,39, 14.49814 ,,
French Chardonnay - 80-84 Points,crisp ,38, 14.12639 ,,
French Chardonnay - 80-84 Points,pear ,35, 13.01115 ,,
French Chardonnay - 80-84 Points,attractive ,34, 12.63941 ,,
French Chardonnay - 80-84 Points,simple ,32, 11.89591 ,,
French Chardonnay - 80-84 Points,ready ,30, 11.15242 ,,
French Chardonnay - 80-84 Points,lemon ,26, 9.66543 ,,
French Chardonnay - 80-84 Points,spice ,22, 8.17844 ,,
French Chardonnay - 80-84 Points,clean ,19, 7.06320 ,,
French Chardonnay - 80-84 Points,round ,18, 6.69145 ,,
French Chardonnay - 80-84 Points,bright ,17, 6.31970 ,,
French Chardonnay - 80-84 Points,melon ,16, 5.94796 ,,
French Chardonnay - 80-84 Points,vanilla ,16, 5.94796 ,,
French Chardonnay - 80-84 Points,creamy ,16, 5.94796 ,,
French Chardonnay - 80-84 Points,rounded ,16, 5.94796 ,,
French Chardonnay - 80-84 Points,peach ,15, 5.57621 ,,
French Chardonnay - 80-84 Points,weight ,15, 5.57621 ,,
French Chardonnay - 80-84 Points,sweet ,13, 4.83271 ,,
French Chardonnay - 80-84 Points,easy ,13, 4.83271 ,,
French Chardonnay - 80-84 Points,gentle ,13, 4.83271 ,,
French Chardonnay - 80-84 Points,toast ,12, 4.46097 ,,
French Chardonnay - 80-84 Points,short ,11, 4.08922 ,,
French Chardonnay - 80-84 Points,pleasant ,11, 4.08922 ,,
French Chardonnay - 80-84 Points,oak ,11, 4.08922 ,,
French Chardonnay - 80-84 Points,orange ,11, 4.08922 ,,
French Chardonnay - 80-84 Points,full ,10, 3.71747 ,,
French Chardonnay - 80-84 Points,apples ,10, 3.71747 ,,
French Chardonnay - 80-84 Points,dilute ,10, 3.71747 ,,
French Chardonnay - 80-84 Points,tight ,10, 3.71747 ,,
French Chardonnay - 80-84 Points,freshness ,10, 3.71747 ,,
French Chardonnay - 80-84 Points,bitter ,9, 3.34572 ,,
French Chardonnay - 80-84 Points,tart ,9, 3.34572 ,,
French Chardonnay - 80-84 Points,smooth ,9, 3.34572 ,,
French Chardonnay - 80-84 Points,rich ,9, 3.34572 ,,
French Chardonnay - 80-84 Points,lacks ,9, 3.34572 ,,
French Chardonnay - 80-84 Points,fruitiness ,9, 3.34572 ,,
French Chardonnay - 80-84 Points,grapefruit ,8, 2.97398 ,,
French Chardonnay - 80-84 Points,lean ,8, 2.97398 ,,
French Chardonnay - 80-84 Points,caramel ,8, 2.97398 ,,
French Chardonnay - 80-84 Points,mineral ,8, 2.97398 ,,
French Chardonnay - 80-84 Points,heavy ,8, 2.97398 ,,
French Chardonnay - 80-84 Points,tropical ,8, 2.97398 ,,
French Chardonnay - 80-84 Points,warm ,8, 2.97398 ,,
French Chardonnay - 85-89 Points,ripe ,723, 42.40469 ,,
French Chardonnay - 85-89 Points,crisp ,523, 30.67449 ,,
French Chardonnay - 85-89 Points,apple ,407, 23.87097 ,,
French Chardonnay - 85-89 Points,soft ,378, 22.17009 ,,
French Chardonnay - 85-89 Points,citrus ,378, 22.17009 ,,
French Chardonnay - 85-89 Points,rich ,362, 21.23167 ,,
French Chardonnay - 85-89 Points,fresh ,358, 20.99707 ,,
French Chardonnay - 85-89 Points,ready ,325, 19.06158 ,,
French Chardonnay - 85-89 Points,fruity ,320, 18.76833 ,,
French Chardonnay - 85-89 Points,light ,283, 16.59824 ,,
French Chardonnay - 85-89 Points,attractive ,283, 16.59824 ,,
French Chardonnay - 85-89 Points,full ,277, 16.24633 ,,
French Chardonnay - 85-89 Points,mineral ,248, 14.54545 ,,
French Chardonnay - 85-89 Points,pear ,242, 14.19355 ,,
French Chardonnay - 85-89 Points,bright ,212, 12.43402 ,,
French Chardonnay - 85-89 Points,creamy ,203, 11.90616 ,,
French Chardonnay - 85-89 Points,green ,199, 11.67155 ,,
French Chardonnay - 85-89 Points,spice ,197, 11.55425 ,,
French Chardonnay - 85-89 Points,rounded ,189, 11.08504 ,,
French Chardonnay - 85-89 Points,toast ,176, 10.32258 ,,
French Chardonnay - 85-89 Points,smooth ,165, 9.67742 ,,
French Chardonnay - 85-89 Points,peach ,160, 9.38416 ,,
French Chardonnay - 85-89 Points,good ,155, 9.09091 ,,
French Chardonnay - 85-89 Points,lemon ,155, 9.09091 ,,
French Chardonnay - 85-89 Points,minerality ,150, 8.79765 ,,
French Chardonnay - 85-89 Points,tight ,146, 8.56305 ,,
French Chardonnay - 85-89 Points,balanced ,138, 8.09384 ,,
French Chardonnay - 85-89 Points,warm ,132, 7.74194 ,,
French Chardonnay - 85-89 Points,delicious ,127, 7.44868 ,,
French Chardonnay - 85-89 Points,tangy ,125, 7.33138 ,,
French Chardonnay - 85-89 Points,lively ,118, 6.92082 ,,
French Chardonnay - 85-89 Points,apricot ,118, 6.92082 ,,
French Chardonnay - 85-89 Points,textured ,115, 6.74487 ,,
French Chardonnay - 85-89 Points,refreshing ,111, 6.51026 ,,
French Chardonnay - 85-89 Points,structure ,111, 6.51026 ,,
French Chardonnay - 85-89 Points,vanilla ,110, 6.45161 ,,
French Chardonnay - 85-89 Points,richness ,106, 6.21701 ,,
French Chardonnay - 85-89 Points,fruitiness ,105, 6.15836 ,,
French Chardonnay - 85-89 Points,toasty ,102, 5.98240 ,,
French Chardonnay - 85-89 Points,generous ,96, 5.63050 ,,
French Chardonnay - 85-89 Points,freshness ,92, 5.39589 ,,
French Chardonnay - 85-89 Points,great ,91, 5.33724 ,,
French Chardonnay - 85-89 Points,apples ,87, 5.10264 ,,
French Chardonnay - 85-89 Points,round ,85, 4.98534 ,,
French Chardonnay - 85-89 Points,young ,85, 4.98534 ,,
French Chardonnay - 85-89 Points,balance ,84, 4.92669 ,,
French Chardonnay - 85-89 Points,weight ,80, 4.69208 ,,
French Chardonnay - 85-89 Points,steely ,75, 4.39883 ,,
French Chardonnay - 85-89 Points,lime ,73, 4.28152 ,,
French Chardonnay - 85-89 Points,clean ,72, 4.22287 ,,
French Chardonnay - 90-94 Points,ripe ,689, 50.77377 ,,
French Chardonnay - 90-94 Points,rich ,543, 40.01474 ,,
French Chardonnay - 90-94 Points,crisp ,308, 22.69713 ,,
French Chardonnay - 90-94 Points,mineral ,302, 22.25497 ,,
French Chardonnay - 90-94 Points,full ,287, 21.14959 ,,
French Chardonnay - 90-94 Points,toast ,267, 19.67576 ,,
French Chardonnay - 90-94 Points,spice ,248, 18.27561 ,,
French Chardonnay - 90-94 Points,citrus ,246, 18.12822 ,,
French Chardonnay - 90-94 Points,tight ,234, 17.24392 ,,
French Chardonnay - 90-94 Points,minerality ,211, 15.54901 ,,
French Chardonnay - 90-94 Points,richness ,203, 14.95947 ,,
French Chardonnay - 90-94 Points,structure ,203, 14.95947 ,,
French Chardonnay - 90-94 Points,apple ,197, 14.51732 ,,
French Chardonnay - 90-94 Points,great ,173, 12.74871 ,,
French Chardonnay - 90-94 Points,green ,167, 12.30656 ,,
French Chardonnay - 90-94 Points,generous ,165, 12.15917 ,,
French Chardonnay - 90-94 Points,fresh ,158, 11.64333 ,,
French Chardonnay - 90-94 Points,delicious ,148, 10.90641 ,,
French Chardonnay - 90-94 Points,balanced ,145, 10.68534 ,,
French Chardonnay - 90-94 Points,structured ,143, 10.53795 ,,
French Chardonnay - 90-94 Points,intense ,139, 10.24318 ,,
French Chardonnay - 90-94 Points,steely ,133, 9.80103 ,,
French Chardonnay - 90-94 Points,textured ,133, 9.80103 ,,
French Chardonnay - 90-94 Points,pear ,131, 9.65365 ,,
French Chardonnay - 90-94 Points,young ,128, 9.43257 ,,
French Chardonnay - 90-94 Points,concentrated ,116, 8.54827 ,,
French Chardonnay - 90-94 Points,good ,116, 8.54827 ,,
French Chardonnay - 90-94 Points,ready ,111, 8.17981 ,,
French Chardonnay - 90-94 Points,rounded ,110, 8.10612 ,,
French Chardonnay - 90-94 Points,peach ,105, 7.73766 ,,
French Chardonnay - 90-94 Points,apricot ,104, 7.66396 ,,
French Chardonnay - 90-94 Points,fruity ,95, 7.00074 ,,
French Chardonnay - 90-94 Points,bright ,95, 7.00074 ,,
French Chardonnay - 90-94 Points,soft ,93, 6.85335 ,,
French Chardonnay - 90-94 Points,opulent ,92, 6.77966 ,,
French Chardonnay - 90-94 Points,potential ,92, 6.77966 ,,
French Chardonnay - 90-94 Points,balance ,86, 6.33751 ,,
French Chardonnay - 90-94 Points,creamy ,85, 6.26382 ,,
French Chardonnay - 90-94 Points,packed ,84, 6.19013 ,,
French Chardonnay - 90-94 Points,freshness ,84, 6.19013 ,,
French Chardonnay - 90-94 Points,fruitiness ,80, 5.89536 ,,
French Chardonnay - 90-94 Points,smooth ,79, 5.82167 ,,
French Chardonnay - 90-94 Points,weight ,78, 5.74797 ,,
French Chardonnay - 90-94 Points,toasty ,77, 5.67428 ,,
French Chardonnay - 90-94 Points,taut ,76, 5.60059 ,,
French Chardonnay - 90-94 Points,warm ,75, 5.52690 ,,
French Chardonnay - 90-94 Points,lemon ,75, 5.52690 ,,
French Chardonnay - 90-94 Points,vanilla ,72, 5.30582 ,,
French Chardonnay - 90-94 Points,powerful ,68, 5.01105 ,,
French Chardonnay - 90-94 Points,complex ,67, 4.93736 ,,
French Chardonnay - 95-100 Points,ripe ,71, 48.96552 ,,
French Chardonnay - 95-100 Points,rich ,59, 40.68966 ,,
French Chardonnay - 95-100 Points,structure ,43, 29.65517 ,,
French Chardonnay - 95-100 Points,mineral ,40, 27.58621 ,,
French Chardonnay - 95-100 Points,great ,40, 27.58621 ,,
French Chardonnay - 95-100 Points,intense ,38, 26.20690 ,,
French Chardonnay - 95-100 Points,powerful ,38, 26.20690 ,,
French Chardonnay - 95-100 Points,tight ,33, 22.75862 ,,
French Chardonnay - 95-100 Points,opulent ,33, 22.75862 ,,
French Chardonnay - 95-100 Points,richness ,32, 22.06897 ,,
French Chardonnay - 95-100 Points,spice ,28, 19.31034 ,,
French Chardonnay - 95-100 Points,minerality ,27, 18.62069 ,,
French Chardonnay - 95-100 Points,concentrated ,26, 17.93103 ,,
French Chardonnay - 95-100 Points,power ,24, 16.55172 ,,
French Chardonnay - 95-100 Points,toast ,24, 16.55172 ,,
French Chardonnay - 95-100 Points,structured ,23, 15.86207 ,,
French Chardonnay - 95-100 Points,citrus ,22, 15.17241 ,,
French Chardonnay - 95-100 Points,impressive ,21, 14.48276 ,,
French Chardonnay - 95-100 Points,dense ,21, 14.48276 ,,
French Chardonnay - 95-100 Points,generous ,20, 13.79310 ,,
French Chardonnay - 95-100 Points,full ,20, 13.79310 ,,
French Chardonnay - 95-100 Points,green ,18, 12.41379 ,,
French Chardonnay - 95-100 Points,crisp ,17, 11.72414 ,,
French Chardonnay - 95-100 Points,steely ,16, 11.03448 ,,
French Chardonnay - 95-100 Points,young ,15, 10.34483 ,,
French Chardonnay - 95-100 Points,layers ,14, 9.65517 ,,
French Chardonnay - 95-100 Points,textured ,13, 8.96552 ,,
French Chardonnay - 95-100 Points,freshness ,13, 8.96552 ,,
French Chardonnay - 95-100 Points,concentration ,13, 8.96552 ,,
French Chardonnay - 95-100 Points,potential ,13, 8.96552 ,,
French Chardonnay - 95-100 Points,weight ,13, 8.96552 ,,
French Chardonnay - 95-100 Points,beautifully ,13, 8.96552 ,,
French Chardonnay - 95-100 Points,beautiful ,11, 7.58621 ,,
French Chardonnay - 95-100 Points,pure ,10, 6.89655 ,,
French Chardonnay - 95-100 Points,packed ,10, 6.89655 ,,
French Chardonnay - 95-100 Points,apple ,10, 6.89655 ,,
French Chardonnay - 95-100 Points,balance ,10, 6.89655 ,,
French Chardonnay - 95-100 Points,taut ,9, 6.20690 ,,
French Chardonnay - 95-100 Points,density ,9, 6.20690 ,,
French Chardonnay - 95-100 Points,lemon ,9, 6.20690 ,,
French Chardonnay - 95-100 Points,balanced ,9, 6.20690 ,,
French Chardonnay - 95-100 Points,steel ,8, 5.51724 ,,
French Chardonnay - 95-100 Points,apricot ,8, 5.51724 ,,
French Chardonnay - 95-100 Points,apples ,8, 5.51724 ,,
French Chardonnay - 95-100 Points,delicious ,8, 5.51724 ,,
French Chardonnay - 95-100 Points,considerable ,8, 5.51724 ,,
French Chardonnay - 95-100 Points,complex ,8, 5.51724 ,,
French Chardonnay - 95-100 Points,long ,8, 5.51724 ,,
French Chardonnay - 95-100 Points,long-term ,8, 5.51724 ,,
French Chardonnay - 95-100 Points,tropical ,8, 5.51724 ,,
Bordeaux Reds - All,ripe ,2198, 42.87944 ,,
Bordeaux Reds - All,black ,1731, 33.76902 ,,
Bordeaux Reds - All,rich ,1474, 28.75536 ,,
Bordeaux Reds - All,firm ,1278, 24.93172 ,,
Bordeaux Reds - All,juicy ,1238, 24.15139 ,,
Bordeaux Reds - All,structure ,1119, 21.82989 ,,
Bordeaux Reds - All,dry ,944, 18.41592 ,,
Bordeaux Reds - All,structured ,814, 15.87983 ,,
Bordeaux Reds - All,fruity ,810, 15.80179 ,,
Bordeaux Reds - All,dense ,807, 15.74327 ,,
Bordeaux Reds - All,full ,741, 14.45572 ,,
Bordeaux Reds - All,berry ,689, 13.44128 ,,
Bordeaux Reds - All,dark ,633, 12.34881 ,,
Bordeaux Reds - All,currant ,598, 11.66602 ,,
Bordeaux Reds - All,blackberry ,591, 11.52946 ,,
Bordeaux Reds - All,ready ,584, 11.39290 ,,
Bordeaux Reds - All,balanced ,583, 11.37339 ,,
Bordeaux Reds - All,soft ,567, 11.06126 ,,
Bordeaux Reds - All,spice ,557, 10.86617 ,,
Bordeaux Reds - All,fresh ,556, 10.84666 ,,
Bordeaux Reds - All,solid ,539, 10.51502 ,,
Bordeaux Reds - All,good ,529, 10.31994 ,,
Bordeaux Reds - All,attractive ,521, 10.16387 ,,
Bordeaux Reds - All,generous ,488, 9.52009 ,,
Bordeaux Reds - All,potential ,480, 9.36403 ,,
Bordeaux Reds - All,fruitiness ,477, 9.30550 ,,
Bordeaux Reds - All,black-currant ,452, 8.81779 ,,
Bordeaux Reds - All,concentrated ,445, 8.68123 ,,
Bordeaux Reds - All,smoky ,423, 8.25205 ,,
Bordeaux Reds - All,great ,410, 7.99844 ,,
Bordeaux Reds - All,tannic ,391, 7.62778 ,,
Bordeaux Reds - All,weight ,379, 7.39368 ,,
Bordeaux Reds - All,young ,354, 6.90597 ,,
Bordeaux Reds - All,balance ,344, 6.71089 ,,
Bordeaux Reds - All,richness ,342, 6.67187 ,,
Bordeaux Reds - All,light ,340, 6.63285 ,,
Bordeaux Reds - All,powerful ,320, 6.24268 ,,
Bordeaux Reds - All,perfumed ,304, 5.93055 ,,
Bordeaux Reds - All,smooth ,300, 5.85252 ,,
Bordeaux Reds - All,plum ,291, 5.67694 ,,
Bordeaux Reds - All,spicy ,280, 5.46235 ,,
Bordeaux Reds - All,crisp ,261, 5.09169 ,,
Bordeaux Reds - All,bright ,260, 5.07218 ,,
Bordeaux Reds - All,packed ,259, 5.05267 ,,
Bordeaux Reds - All,new ,240, 4.68201 ,,
Bordeaux Reds - All,sweet ,228, 4.44791 ,,
Bordeaux Reds - All,concentration ,217, 4.23332 ,,
Bordeaux Reds - All,delicious ,216, 4.21381 ,,
Bordeaux Reds - All,developing ,213, 4.15529 ,,
Bordeaux Reds - All,layers ,207, 4.03824 ,,
Bordeaux Reds - 80-84 Points,dry ,133, 26.23274 ,,
Bordeaux Reds - 80-84 Points,black ,85, 16.76529 ,,
Bordeaux Reds - 80-84 Points,light ,84, 16.56805 ,,
Bordeaux Reds - 80-84 Points,soft ,77, 15.18738 ,,
Bordeaux Reds - 80-84 Points,firm ,72, 14.20118 ,,
Bordeaux Reds - 80-84 Points,juicy ,72, 14.20118 ,,
Bordeaux Reds - 80-84 Points,structure ,64, 12.62327 ,,
Bordeaux Reds - 80-84 Points,lean ,60, 11.83432 ,,
Bordeaux Reds - 80-84 Points,berry ,59, 11.63708 ,,
Bordeaux Reds - 80-84 Points,fruity ,58, 11.43984 ,,
Bordeaux Reds - 80-84 Points,fresh ,57, 11.24260 ,,
Bordeaux Reds - 80-84 Points,currant ,55, 10.84813 ,,
Bordeaux Reds - 80-84 Points,bitter ,50, 9.86193 ,,
Bordeaux Reds - 80-84 Points,ripe ,49, 9.66469 ,,
Bordeaux Reds - 80-84 Points,attractive ,43, 8.48126 ,,
Bordeaux Reds - 80-84 Points,stalky ,37, 7.29783 ,,
Bordeaux Reds - 80-84 Points,spice ,37, 7.29783 ,,
Bordeaux Reds - 80-84 Points,ready ,37, 7.29783 ,,
Bordeaux Reds - 80-84 Points,extraction ,35, 6.90335 ,,
Bordeaux Reds - 80-84 Points,extracted ,34, 6.70611 ,,
Bordeaux Reds - 80-84 Points,tannic ,34, 6.70611 ,,
Bordeaux Reds - 80-84 Points,tight ,33, 6.50888 ,,
Bordeaux Reds - 80-84 Points,fruitiness ,31, 6.11440 ,,
Bordeaux Reds - 80-84 Points,smoky ,31, 6.11440 ,,
Bordeaux Reds - 80-84 Points,toast ,30, 5.91716 ,,
Bordeaux Reds - 80-84 Points,good ,28, 5.52268 ,,
Bordeaux Reds - 80-84 Points,austere ,28, 5.52268 ,,
Bordeaux Reds - 80-84 Points,dark ,27, 5.32544 ,,
Bordeaux Reds - 80-84 Points,jammy ,26, 5.12821 ,,
Bordeaux Reds - 80-84 Points,structured ,26, 5.12821 ,,
Bordeaux Reds - 80-84 Points,burnt ,24, 4.73373 ,,
Bordeaux Reds - 80-84 Points,balance ,23, 4.53649 ,,
Bordeaux Reds - 80-84 Points,crisp ,23, 4.53649 ,,
Bordeaux Reds - 80-84 Points,bright ,23, 4.53649 ,,
Bordeaux Reds - 80-84 Points,weight ,21, 4.14201 ,,
Bordeaux Reds - 80-84 Points,green ,20, 3.94477 ,,
Bordeaux Reds - 80-84 Points,young ,19, 3.74753 ,,
Bordeaux Reds - 80-84 Points,freshness ,19, 3.74753 ,,
Bordeaux Reds - 80-84 Points,dense ,18, 3.55030 ,,
Bordeaux Reds - 80-84 Points,earthy ,17, 3.35306 ,,
Bordeaux Reds - 80-84 Points,oak ,17, 3.35306 ,,
Bordeaux Reds - 80-84 Points,chocolate ,17, 3.35306 ,,
Bordeaux Reds - 80-84 Points,unbalanced ,16, 3.15582 ,,
Bordeaux Reds - 80-84 Points,tannin ,16, 3.15582 ,,
Bordeaux Reds - 80-84 Points,overripe ,15, 2.95858 ,,
Bordeaux Reds - 80-84 Points,pepper ,14, 2.76134 ,,
Bordeaux Reds - 80-84 Points,future ,14, 2.76134 ,,
Bordeaux Reds - 80-84 Points,herbal ,14, 2.76134 ,,
Bordeaux Reds - 80-84 Points,simple ,14, 2.76134 ,,
Bordeaux Reds - 80-84 Points,spicy ,14, 2.76134 ,,
Bordeaux Reds - 85-89 Points,ripe ,1219, 42.96792 ,,
Bordeaux Reds - 85-89 Points,black ,940, 33.13359 ,,
Bordeaux Reds - 85-89 Points,juicy ,797, 28.09306 ,,
Bordeaux Reds - 85-89 Points,firm ,726, 25.59041 ,,
Bordeaux Reds - 85-89 Points,rich ,668, 23.54600 ,,
Bordeaux Reds - 85-89 Points,fruity ,588, 20.72612 ,,
Bordeaux Reds - 85-89 Points,structure ,585, 20.62037 ,,
Bordeaux Reds - 85-89 Points,dry ,579, 20.40888 ,,
Bordeaux Reds - 85-89 Points,berry ,430, 15.15686 ,,
Bordeaux Reds - 85-89 Points,full ,414, 14.59288 ,,
Bordeaux Reds - 85-89 Points,structured ,407, 14.34614 ,,
Bordeaux Reds - 85-89 Points,fresh ,407, 14.34614 ,,
Bordeaux Reds - 85-89 Points,soft ,405, 14.27564 ,,
Bordeaux Reds - 85-89 Points,ready ,401, 14.13465 ,,
Bordeaux Reds - 85-89 Points,currant ,396, 13.95841 ,,
Bordeaux Reds - 85-89 Points,attractive ,390, 13.74692 ,,
Bordeaux Reds - 85-89 Points,dense ,347, 12.23123 ,,
Bordeaux Reds - 85-89 Points,blackberry ,334, 11.77300 ,,
Bordeaux Reds - 85-89 Points,spice ,329, 11.59676 ,,
Bordeaux Reds - 85-89 Points,balanced ,327, 11.52626 ,,
Bordeaux Reds - 85-89 Points,fruitiness ,325, 11.45576 ,,
Bordeaux Reds - 85-89 Points,good ,302, 10.64505 ,,
Bordeaux Reds - 85-89 Points,smoky ,271, 9.55234 ,,
Bordeaux Reds - 85-89 Points,solid ,267, 9.41135 ,,
Bordeaux Reds - 85-89 Points,black-currant ,262, 9.23511 ,,
Bordeaux Reds - 85-89 Points,dark ,251, 8.84737 ,,
Bordeaux Reds - 85-89 Points,tannic ,235, 8.28340 ,,
Bordeaux Reds - 85-89 Points,light ,234, 8.24815 ,,
Bordeaux Reds - 85-89 Points,potential ,231, 8.14240 ,,
Bordeaux Reds - 85-89 Points,generous ,225, 7.93091 ,,
Bordeaux Reds - 85-89 Points,young ,225, 7.93091 ,,
Bordeaux Reds - 85-89 Points,weight ,206, 7.26119 ,,
Bordeaux Reds - 85-89 Points,balance ,192, 6.76771 ,,
Bordeaux Reds - 85-89 Points,bright ,191, 6.73246 ,,
Bordeaux Reds - 85-89 Points,spicy ,183, 6.45048 ,,
Bordeaux Reds - 85-89 Points,concentrated ,181, 6.37998 ,,
Bordeaux Reds - 85-89 Points,crisp ,179, 6.30948 ,,
Bordeaux Reds - 85-89 Points,smooth ,169, 5.95700 ,,
Bordeaux Reds - 85-89 Points,richness ,153, 5.39302 ,,
Bordeaux Reds - 85-89 Points,plum ,142, 5.00529 ,,
Bordeaux Reds - 85-89 Points,developing ,136, 4.79380 ,,
Bordeaux Reds - 85-89 Points,perfumed ,133, 4.68805 ,,
Bordeaux Reds - 85-89 Points,packed ,127, 4.47656 ,,
Bordeaux Reds - 85-89 Points,great ,107, 3.77159 ,,
Bordeaux Reds - 85-89 Points,stalky ,105, 3.70109 ,,
Bordeaux Reds - 85-89 Points,sweet ,105, 3.70109 ,,
Bordeaux Reds - 85-89 Points,new ,102, 3.59535 ,,
Bordeaux Reds - 85-89 Points,wait ,102, 3.59535 ,,
Bordeaux Reds - 85-89 Points,freshness ,97, 3.41910 ,,
Bordeaux Reds - 85-89 Points,powerful ,97, 3.41910 ,,
Bordeaux Reds - 90-94 Points,ripe ,846, 53.17410 ,,
Bordeaux Reds - 90-94 Points,rich ,728, 45.75739 ,,
Bordeaux Reds - 90-94 Points,black ,620, 38.96920 ,,
Bordeaux Reds - 90-94 Points,firm ,441, 27.71842 ,,
Bordeaux Reds - 90-94 Points,structure ,395, 24.82715 ,,
Bordeaux Reds - 90-94 Points,dense ,375, 23.57008 ,,
Bordeaux Reds - 90-94 Points,structured ,345, 21.68448 ,,
Bordeaux Reds - 90-94 Points,juicy ,345, 21.68448 ,,
Bordeaux Reds - 90-94 Points,full ,295, 18.54180 ,,
Bordeaux Reds - 90-94 Points,dark ,291, 18.29038 ,,
Bordeaux Reds - 90-94 Points,solid ,236, 14.83344 ,,
Bordeaux Reds - 90-94 Points,generous ,235, 14.77058 ,,
Bordeaux Reds - 90-94 Points,blackberry ,230, 14.45632 ,,
Bordeaux Reds - 90-94 Points,balanced ,225, 14.14205 ,,
Bordeaux Reds - 90-94 Points,concentrated ,224, 14.07920 ,,
Bordeaux Reds - 90-94 Points,dry ,216, 13.57637 ,,
Bordeaux Reds - 90-94 Points,great ,215, 13.51351 ,,
Bordeaux Reds - 90-94 Points,potential ,210, 13.19925 ,,
Bordeaux Reds - 90-94 Points,good ,190, 11.94217 ,,
Bordeaux Reds - 90-94 Points,berry ,187, 11.75361 ,,
Bordeaux Reds - 90-94 Points,spice ,179, 11.25079 ,,
Bordeaux Reds - 90-94 Points,powerful ,169, 10.62225 ,,
Bordeaux Reds - 90-94 Points,black-currant ,160, 10.05657 ,,
Bordeaux Reds - 90-94 Points,fruity ,156, 9.80515 ,,
Bordeaux Reds - 90-94 Points,richness ,154, 9.67945 ,,
Bordeaux Reds - 90-94 Points,weight ,142, 8.92520 ,,
Bordeaux Reds - 90-94 Points,perfumed ,133, 8.35952 ,,
Bordeaux Reds - 90-94 Points,currant ,133, 8.35952 ,,
Bordeaux Reds - 90-94 Points,ready ,130, 8.17096 ,,
Bordeaux Reds - 90-94 Points,concentration ,120, 7.54243 ,,
Bordeaux Reds - 90-94 Points,balance ,119, 7.47957 ,,
Bordeaux Reds - 90-94 Points,plum ,117, 7.35387 ,,
Bordeaux Reds - 90-94 Points,new ,115, 7.22816 ,,
Bordeaux Reds - 90-94 Points,smooth ,113, 7.10245 ,,
Bordeaux Reds - 90-94 Points,fruitiness ,113, 7.10245 ,,
Bordeaux Reds - 90-94 Points,smoky ,112, 7.03960 ,,
Bordeaux Reds - 90-94 Points,delicious ,109, 6.85104 ,,
Bordeaux Reds - 90-94 Points,tannic ,108, 6.78818 ,,
Bordeaux Reds - 90-94 Points,packed ,108, 6.78818 ,,
Bordeaux Reds - 90-94 Points,young ,105, 6.59962 ,,
Bordeaux Reds - 90-94 Points,layers ,102, 6.41106 ,,
Bordeaux Reds - 90-94 Points,sweet ,101, 6.34821 ,,
Bordeaux Reds - 90-94 Points,impressive ,96, 6.03394 ,,
Bordeaux Reds - 90-94 Points,attractive ,86, 5.40541 ,,
Bordeaux Reds - 90-94 Points,big ,82, 5.15399 ,,
Bordeaux Reds - 90-94 Points,soft ,80, 5.02828 ,,
Bordeaux Reds - 90-94 Points,spicy ,79, 4.96543 ,,
Bordeaux Reds - 90-94 Points,fresh ,76, 4.77687 ,,
Bordeaux Reds - 90-94 Points,future ,74, 4.65116 ,,
Bordeaux Reds - 90-94 Points,developing ,72, 4.52546 ,,
Bordeaux Reds - 95-100 Points,black ,86, 45.02618 ,,
Bordeaux Reds - 95-100 Points,ripe ,84, 43.97906 ,,
Bordeaux Reds - 95-100 Points,great ,80, 41.88482 ,,
Bordeaux Reds - 95-100 Points,structure ,75, 39.26702 ,,
Bordeaux Reds - 95-100 Points,dense ,67, 35.07853 ,,
Bordeaux Reds - 95-100 Points,rich ,65, 34.03141 ,,
Bordeaux Reds - 95-100 Points,dark ,64, 33.50785 ,,
Bordeaux Reds - 95-100 Points,powerful ,52, 27.22513 ,,
Bordeaux Reds - 95-100 Points,firm ,39, 20.41885 ,,
Bordeaux Reds - 95-100 Points,concentrated ,36, 18.84817 ,,
Bordeaux Reds - 95-100 Points,structured ,36, 18.84817 ,,
Bordeaux Reds - 95-100 Points,impressive ,34, 17.80105 ,,
Bordeaux Reds - 95-100 Points,richness ,31, 16.23037 ,,
Bordeaux Reds - 95-100 Points,power ,31, 16.23037 ,,
Bordeaux Reds - 95-100 Points,potential ,31, 16.23037 ,,
Bordeaux Reds - 95-100 Points,perfumed ,27, 14.13613 ,,
Bordeaux Reds - 95-100 Points,generous ,24, 12.56545 ,,
Bordeaux Reds - 95-100 Points,solid ,24, 12.56545 ,,
Bordeaux Reds - 95-100 Points,juicy ,24, 12.56545 ,,
Bordeaux Reds - 95-100 Points,opulent ,23, 12.04188 ,,
Bordeaux Reds - 95-100 Points,balanced ,21, 10.99476 ,,
Bordeaux Reds - 95-100 Points,intense ,21, 10.99476 ,,
Bordeaux Reds - 95-100 Points,concentration ,20, 10.47120 ,,
Bordeaux Reds - 95-100 Points,full ,20, 10.47120 ,,
Bordeaux Reds - 95-100 Points,elegant ,19, 9.94764 ,,
Bordeaux Reds - 95-100 Points,plum ,19, 9.94764 ,,
Bordeaux Reds - 95-100 Points,complex ,19, 9.94764 ,,
Bordeaux Reds - 95-100 Points,black-currant ,18, 9.42408 ,,
Bordeaux Reds - 95-100 Points,serious ,18, 9.42408 ,,
Bordeaux Reds - 95-100 Points,elegance ,17, 8.90052 ,,
Bordeaux Reds - 95-100 Points,dry ,16, 8.37696 ,,
Bordeaux Reds - 95-100 Points,fresh ,16, 8.37696 ,,
Bordeaux Reds - 95-100 Points,blackberry ,16, 8.37696 ,,
Bordeaux Reds - 95-100 Points,ready ,16, 8.37696 ,,
Bordeaux Reds - 95-100 Points,packed ,16, 8.37696 ,,
Bordeaux Reds - 95-100 Points,sweet ,15, 7.85340 ,,
Bordeaux Reds - 95-100 Points,tannic ,14, 7.32984 ,,
Bordeaux Reds - 95-100 Points,huge ,14, 7.32984 ,,
Bordeaux Reds - 95-100 Points,density ,14, 7.32984 ,,
Bordeaux Reds - 95-100 Points,beautifully ,14, 7.32984 ,,
Bordeaux Reds - 95-100 Points,currant ,14, 7.32984 ,,
Bordeaux Reds - 95-100 Points,berry ,13, 6.80628 ,,
Bordeaux Reds - 95-100 Points,long ,13, 6.80628 ,,
Bordeaux Reds - 95-100 Points,big ,13, 6.80628 ,,
Bordeaux Reds - 95-100 Points,long-term ,12, 6.28272 ,,
Bordeaux Reds - 95-100 Points,delicious ,12, 6.28272 ,,
Bordeaux Reds - 95-100 Points,spice ,12, 6.28272 ,,
Bordeaux Reds - 95-100 Points,new ,12, 6.28272 ,,
Bordeaux Reds - 95-100 Points,beautiful ,12, 6.28272 ,,
Bordeaux Reds - 95-100 Points,top ,11, 5.75916 ,,
